{"cameraMode":{"drawMode":0,"name":"Shaded","section":"Shading Mode"},"sceneLighting":false,"audioPlay":false,"sceneViewState":{"showFog":true,"showMaterialUpdate":true,"showSkybox":true,"showFlares":true,"showImageEffects":true,"showParticleSystems":true},"in2DMode":false,"pivot":{"x":0.0,"y":0.23422914743423463,"z":-0.028423279523849489},"rotation":{"x":-0.10550183057785034,"y":0.20557111501693726,"z":-0.022293785586953164,"w":-0.9726833701133728},"size":3.410871744155884,"orthographic":false}