{"cameraMode":{"drawMode":0,"name":"Shaded","section":"Shading Mode"},"sceneLighting":true,"audioPlay":false,"sceneViewState":{"showFog":true,"showMaterialUpdate":true,"showSkybox":true,"showFlares":true,"showImageEffects":true,"showParticleSystems":true},"in2DMode":false,"pivot":{"x":-3.0011324882507326,"y":1.2798349857330323,"z":-0.5443636775016785},"rotation":{"x":0.006023735739290714,"y":0.7486155033111572,"z":-0.006815967615693808,"w":0.6629420518875122},"size":1.8973671197891236,"orthographic":false}