{"cameraMode":{"drawMode":0,"name":"Shaded","section":"Shading Mode"},"sceneLighting":false,"audioPlay":false,"sceneViewState":{"showFog":true,"showMaterialUpdate":true,"showSkybox":true,"showFlares":true,"showImageEffects":true,"showParticleSystems":true},"in2DMode":false,"pivot":{"x":1.0801541805267335,"y":0.6259355545043945,"z":0.3628878593444824},"rotation":{"x":0.08765724301338196,"y":-0.903921902179718,"z":0.2240806370973587,"w":0.3535948097705841},"size":4.289743423461914,"orthographic":false}