{"cameraMode":{"drawMode":0,"name":"Shaded","section":"Shading Mode"},"sceneLighting":false,"audioPlay":false,"sceneViewState":{"showFog":true,"showMaterialUpdate":true,"showSkybox":true,"showFlares":true,"showImageEffects":true,"showParticleSystems":true},"in2DMode":false,"pivot":{"x":-2.2090389728546144,"y":-8.088526725769043,"z":-10.444382667541504},"rotation":{"x":-0.008314746432006359,"y":0.978721559047699,"z":-0.2009902447462082,"w":-0.04047195240855217},"size":9.390024185180664,"orthographic":false}