{"cameraMode":{"drawMode":0,"name":"Shaded","section":"Shading Mode"},"sceneLighting":false,"audioPlay":false,"sceneViewState":{"showFog":true,"showMaterialUpdate":true,"showSkybox":true,"showFlares":true,"showImageEffects":true,"showParticleSystems":true},"in2DMode":false,"pivot":{"x":6.470466613769531,"y":-3.15181565284729,"z":9.999213218688965},"rotation":{"x":0.005874170456081629,"y":-0.9848167896270752,"z":-0.03397749364376068,"w":-0.17013786733150483},"size":0.7566472887992859,"orthographic":false}