{"cameraMode":{"drawMode":0,"name":"Shaded","section":"Shading Mode"},"sceneLighting":false,"audioPlay":false,"sceneViewState":{"showFog":true,"showMaterialUpdate":true,"showSkybox":true,"showFlares":true,"showImageEffects":true,"showParticleSystems":true},"in2DMode":false,"pivot":{"x":-4.810999870300293,"y":-7.723780155181885,"z":-3.8515546321868898},"rotation":{"x":-0.028852278366684915,"y":0.9610083699226379,"z":-0.25205081701278689,"w":-0.11000467091798783},"size":5.138828754425049,"orthographic":false}