{"cameraMode":{"drawMode":0,"name":"Shaded","section":"Shading Mode"},"sceneLighting":false,"audioPlay":false,"sceneViewState":{"showFog":true,"showMaterialUpdate":false,"showSkybox":true,"showFlares":true,"showImageEffects":true,"showParticleSystems":true},"in2DMode":false,"pivot":{"x":10.678277969360352,"y":-3.3951432704925539,"z":8.213081359863282},"rotation":{"x":-0.0005664144991897047,"y":0.9908508658409119,"z":-0.1348962038755417,"w":-0.004161316901445389},"size":3.0000553131103517,"orthographic":false}