{"cameraMode":{"drawMode":0,"name":"Shaded","section":"Shading Mode"},"sceneLighting":false,"audioPlay":false,"sceneViewState":{"showFog":true,"showMaterialUpdate":true,"showSkybox":true,"showFlares":true,"showImageEffects":true,"showParticleSystems":true},"in2DMode":false,"pivot":{"x":0.2074720859527588,"y":1.3156501054763795,"z":-0.47620129585266116},"rotation":{"x":0.059602078050374988,"y":0.8985128402709961,"z":-0.12895043194293977,"w":0.4153241813182831},"size":4.275932788848877,"orthographic":false}