{"cameraMode":{"drawMode":0,"name":"Shaded","section":"Shading Mode"},"sceneLighting":false,"audioPlay":false,"sceneViewState":{"showFog":true,"showMaterialUpdate":false,"showSkybox":true,"showFlares":true,"showImageEffects":true,"showParticleSystems":true},"in2DMode":false,"pivot":{"x":-2.921036720275879,"y":-7.406139373779297,"z":-6.112041473388672},"rotation":{"x":-0.005278788972645998,"y":0.9938671588897705,"z":-0.0960140973329544,"w":-0.054602883756160739},"size":7.018749237060547,"orthographic":false}