{"cameraMode":{"drawMode":0,"name":"Shaded","section":"Shading Mode"},"sceneLighting":false,"audioPlay":false,"sceneViewState":{"showFog":true,"showMaterialUpdate":true,"showSkybox":true,"showFlares":true,"showImageEffects":true,"showParticleSystems":true},"in2DMode":false,"pivot":{"x":6.463809013366699,"y":-3.2341830730438234,"z":8.748329162597657},"rotation":{"x":0.005874170456081629,"y":-0.9848167896270752,"z":-0.03397749364376068,"w":-0.17013786733150483},"size":5.98752498626709,"orthographic":false}