{"cameraMode":{"drawMode":0,"name":"Shaded","section":"Shading Mode"},"sceneLighting":false,"audioPlay":false,"sceneViewState":{"showFog":true,"showMaterialUpdate":false,"showSkybox":true,"showFlares":true,"showImageEffects":true,"showParticleSystems":true},"in2DMode":false,"pivot":{"x":-0.5702234506607056,"y":0.6484888792037964,"z":0.44489622116088869},"rotation":{"x":-0.01673005521297455,"y":0.9832461476325989,"z":-0.12485826760530472,"w":-0.13174809515476228},"size":2.7370495796203615,"orthographic":false}