{"cameraMode":{"drawMode":0,"name":"Shaded","section":"Shading Mode"},"sceneLighting":false,"audioPlay":false,"sceneViewState":{"showFog":true,"showMaterialUpdate":true,"showSkybox":true,"showFlares":true,"showImageEffects":true,"showParticleSystems":true},"in2DMode":false,"pivot":{"x":0.09795081615447998,"y":1.1887658834457398,"z":0.07220596075057984},"rotation":{"x":0.00535555137321353,"y":-0.9897924661636353,"z":0.038642678409814838,"w":0.1370728760957718},"size":6.358214855194092,"orthographic":false}