{"cameraMode":{"drawMode":0,"name":"Shaded","section":"Shading Mode"},"sceneLighting":false,"audioPlay":false,"sceneViewState":{"showFog":true,"showMaterialUpdate":true,"showSkybox":true,"showFlares":true,"showImageEffects":true,"showParticleSystems":true},"in2DMode":false,"pivot":{"x":0.032785892486572269,"y":1.019288182258606,"z":-0.03187435865402222},"rotation":{"x":0.00535555137321353,"y":-0.9897924661636353,"z":0.038642678409814838,"w":0.1370728760957718},"size":4.891539573669434,"orthographic":false}