{"cameraMode":{"drawMode":0,"name":"Shaded","section":"Shading Mode"},"sceneLighting":false,"audioPlay":false,"sceneViewState":{"showFog":true,"showMaterialUpdate":true,"showSkybox":true,"showFlares":true,"showImageEffects":true,"showParticleSystems":true},"in2DMode":false,"pivot":{"x":0.8668203353881836,"y":1.5689938068389893,"z":0.7501630783081055},"rotation":{"x":0.10692286491394043,"y":0.8911044001579285,"z":-0.3416100740432739,"w":0.27893203496932986},"size":46.3111686706543,"orthographic":false}