{"cameraMode":{"drawMode":0,"name":"Shaded","section":"Shading Mode"},"sceneLighting":false,"audioPlay":false,"sceneViewState":{"showFog":true,"showMaterialUpdate":true,"showSkybox":true,"showFlares":true,"showImageEffects":true,"showParticleSystems":true},"in2DMode":false,"pivot":{"x":-2.1978864669799806,"y":-5.653440475463867,"z":-13.319293975830079},"rotation":{"x":0.028397271409630777,"y":0.06122177839279175,"z":0.00174674519803375,"w":-0.9977186322212219},"size":8.853201866149903,"orthographic":false}