{"cameraMode":{"drawMode":0,"name":"Shaded","section":"Shading Mode"},"sceneLighting":false,"audioPlay":false,"sceneViewState":{"showFog":true,"showMaterialUpdate":true,"showSkybox":true,"showFlares":true,"showImageEffects":true,"showParticleSystems":true},"in2DMode":false,"pivot":{"x":-0.10238265991210938,"y":2.662224769592285,"z":19.89643096923828},"rotation":{"x":0.10692286491394043,"y":0.8911044001579285,"z":-0.3416100740432739,"w":0.27893203496932986},"size":95.33881378173828,"orthographic":false}