{"cameraMode":{"drawMode":0,"name":"Shaded","section":"Shading Mode"},"sceneLighting":false,"audioPlay":false,"sceneViewState":{"showFog":true,"showMaterialUpdate":true,"showSkybox":true,"showFlares":true,"showImageEffects":true,"showParticleSystems":true},"in2DMode":false,"pivot":{"x":3.8596315383911135,"y":0.6186519861221314,"z":16.71858787536621},"rotation":{"x":-0.11798488348722458,"y":0.06824298948049545,"z":-0.008124384097754956,"w":-0.9906343817710877},"size":3.964857816696167,"orthographic":false}