{"cameraMode":{"drawMode":0,"name":"Shaded","section":"Shading Mode"},"sceneLighting":false,"audioPlay":false,"sceneViewState":{"showFog":true,"showMaterialUpdate":false,"showSkybox":true,"showFlares":true,"showImageEffects":true,"showParticleSystems":true},"in2DMode":false,"pivot":{"x":-5.53729248046875,"y":-7.070618629455566,"z":-4.540077209472656},"rotation":{"x":-0.025853987783193589,"y":0.9690428972244263,"z":-0.11567626148462296,"w":-0.21657927334308625},"size":7.5962653160095219,"orthographic":false}