{"cameraMode":{"drawMode":0,"name":"Shaded","section":"Shading Mode"},"sceneLighting":false,"audioPlay":false,"sceneViewState":{"showFog":true,"showMaterialUpdate":true,"showSkybox":true,"showFlares":true,"showImageEffects":true,"showParticleSystems":true},"in2DMode":false,"pivot":{"x":-0.4045853018760681,"y":-0.20508363842964173,"z":0.6852146983146668},"rotation":{"x":0.10692286491394043,"y":0.8911044001579285,"z":-0.3416100740432739,"w":0.27893203496932986},"size":1.9099620580673218,"orthographic":false}