{"cameraMode":{"drawMode":0,"name":"Shaded","section":"Shading Mode"},"sceneLighting":false,"audioPlay":false,"sceneViewState":{"showFog":true,"showMaterialUpdate":true,"showSkybox":true,"showFlares":true,"showImageEffects":true,"showParticleSystems":true},"in2DMode":false,"pivot":{"x":-2.474581241607666,"y":-0.28442150354385378,"z":-15.345817565917969},"rotation":{"x":0.43115541338920596,"y":0.11951420456171036,"z":-0.05774234980344772,"w":0.892461359500885},"size":2.8578836917877199,"orthographic":false}