{"cameraMode":{"drawMode":0,"name":"Shaded","section":"Shading Mode"},"sceneLighting":false,"audioPlay":false,"sceneViewState":{"showFog":true,"showMaterialUpdate":true,"showSkybox":true,"showFlares":true,"showImageEffects":true,"showParticleSystems":true},"in2DMode":false,"pivot":{"x":-4.810999870300293,"y":-7.723780155181885,"z":-3.8515546321868898},"rotation":{"x":-0.004115309100598097,"y":-0.9856224060058594,"z":0.16716024279594422,"w":-0.024271966889500619},"size":4.858948230743408,"orthographic":false}