{"cameraMode":{"drawMode":0,"name":"Shaded","section":"Shading Mode"},"sceneLighting":false,"audioPlay":false,"sceneViewState":{"showFog":true,"showMaterialUpdate":true,"showSkybox":true,"showFlares":true,"showImageEffects":true,"showParticleSystems":true},"in2DMode":false,"pivot":{"x":-4.810999870300293,"y":-7.723780155181885,"z":-3.8515546321868898},"rotation":{"x":-0.05618380755186081,"y":-0.9322669506072998,"z":0.16531406342983247,"w":-0.3168485462665558},"size":5.138828754425049,"orthographic":false}