{"cameraMode":{"drawMode":0,"name":"Shaded","section":"Shading Mode"},"sceneLighting":false,"audioPlay":false,"sceneViewState":{"showFog":true,"showMaterialUpdate":true,"showSkybox":true,"showFlares":true,"showImageEffects":true,"showParticleSystems":true},"in2DMode":false,"pivot":{"x":7.0908002853393559,"y":-2.684831380844116,"z":9.011920928955079},"rotation":{"x":0.005874170456081629,"y":-0.9848167896270752,"z":-0.03397749364376068,"w":-0.17013786733150483},"size":2.6875240802764894,"orthographic":false}