{"cameraMode":{"drawMode":0,"name":"Shaded","section":"Shading Mode"},"sceneLighting":false,"audioPlay":false,"sceneViewState":{"showFog":true,"showMaterialUpdate":true,"showSkybox":true,"showFlares":true,"showImageEffects":true,"showParticleSystems":true},"in2DMode":false,"pivot":{"x":0.89449143409729,"y":-0.28642892837524416,"z":1.2451589107513428},"rotation":{"x":0.26032745838165285,"y":0.4666095972061157,"z":-0.14589840173721314,"w":0.8325976729393005},"size":4.409614086151123,"orthographic":false}