{"cameraMode":{"drawMode":0,"name":"Shaded","section":"Shading Mode"},"sceneLighting":false,"audioPlay":false,"sceneViewState":{"showFog":true,"showMaterialUpdate":true,"showSkybox":true,"showFlares":true,"showImageEffects":true,"showParticleSystems":true},"in2DMode":false,"pivot":{"x":6.250594139099121,"y":-2.816568374633789,"z":8.341878890991211},"rotation":{"x":-0.0014145666500553489,"y":-0.9981331825256348,"z":0.05546509847044945,"w":-0.025530492886900903},"size":6.821216106414795,"orthographic":false}