{"cameraMode":{"drawMode":0,"name":"Shaded","section":"Shading Mode"},"sceneLighting":false,"audioPlay":false,"sceneViewState":{"showFog":true,"showMaterialUpdate":true,"showSkybox":true,"showFlares":true,"showImageEffects":true,"showParticleSystems":true},"in2DMode":false,"pivot":{"x":-0.09466147422790528,"y":0.028606440871953965,"z":0.0},"rotation":{"x":0.00535555137321353,"y":-0.9897924661636353,"z":0.038642678409814838,"w":0.1370728760957718},"size":9.747228622436524,"orthographic":false}