{"cameraMode":{"drawMode":0,"name":"Shaded","section":"Shading Mode"},"sceneLighting":false,"audioPlay":false,"sceneViewState":{"showFog":true,"showMaterialUpdate":true,"showSkybox":true,"showFlares":true,"showImageEffects":true,"showParticleSystems":true},"in2DMode":false,"pivot":{"x":-0.9580807685852051,"y":1.0722928047180176,"z":4.009050369262695},"rotation":{"x":-0.008314746432006359,"y":0.978721559047699,"z":-0.2009902447462082,"w":-0.04047195240855217},"size":1.3195215463638306,"orthographic":false}