{"cameraMode":{"drawMode":0,"name":"Shaded","section":"Shading Mode"},"sceneLighting":false,"audioPlay":false,"sceneViewState":{"showFog":true,"showMaterialUpdate":true,"showSkybox":true,"showFlares":true,"showImageEffects":true,"showParticleSystems":true},"in2DMode":false,"pivot":{"x":-4.046000003814697,"y":-7.884000301361084,"z":-10.4399995803833},"rotation":{"x":0.028397271409630777,"y":0.06122177839279175,"z":0.00174674519803375,"w":-0.9977186322212219},"size":73.45970153808594,"orthographic":false}