{"cameraMode":{"drawMode":0,"name":"Shaded","section":"Shading Mode"},"sceneLighting":false,"audioPlay":false,"sceneViewState":{"showFog":true,"showMaterialUpdate":false,"showSkybox":true,"showFlares":true,"showImageEffects":true,"showParticleSystems":true},"in2DMode":false,"pivot":{"x":-4.810999870300293,"y":-7.58078145980835,"z":-3.8515546321868898},"rotation":{"x":0.019121285527944566,"y":0.9802939891815186,"z":0.12088032811880112,"w":-0.15506769716739655},"size":5.449618339538574,"orthographic":false}