{"cameraMode":{"drawMode":0,"name":"Shaded","section":"Shading Mode"},"sceneLighting":false,"audioPlay":false,"sceneViewState":{"showFog":true,"showMaterialUpdate":false,"showSkybox":true,"showFlares":true,"showImageEffects":true,"showParticleSystems":true},"in2DMode":false,"pivot":{"x":6.463809013366699,"y":-3.2341830730438234,"z":8.780797958374024},"rotation":{"x":0.0019073772709816695,"y":0.9978049993515015,"z":-0.033249057829380038,"w":0.05723734200000763},"size":5.940361022949219,"orthographic":false}