{"cameraMode":{"drawMode":0,"name":"Shaded","section":"Shading Mode"},"sceneLighting":false,"audioPlay":false,"sceneViewState":{"showFog":true,"showMaterialUpdate":true,"showSkybox":true,"showFlares":true,"showImageEffects":true,"showParticleSystems":true},"in2DMode":false,"pivot":{"x":-4.810999870300293,"y":-7.723780155181885,"z":-3.8515546321868898},"rotation":{"x":0.004796071443706751,"y":-0.9733652472496033,"z":0.02044353447854519,"w":0.2282962203025818},"size":5.138828754425049,"orthographic":false}