{"cameraMode":{"drawMode":0,"name":"Shaded","section":"Shading Mode"},"sceneLighting":false,"audioPlay":false,"sceneViewState":{"showFog":true,"showMaterialUpdate":false,"showSkybox":true,"showFlares":true,"showImageEffects":true,"showParticleSystems":true},"in2DMode":false,"pivot":{"x":7.460006237030029,"y":-2.8341240882873537,"z":14.543741226196289},"rotation":{"x":-0.0005664144991897047,"y":0.9908508658409119,"z":-0.1348962038755417,"w":-0.004161316901445389},"size":9.073959350585938,"orthographic":false}