{"cameraMode":{"drawMode":0,"name":"Shaded","section":"Shading Mode"},"sceneLighting":false,"audioPlay":false,"sceneViewState":{"showFog":true,"showMaterialUpdate":true,"showSkybox":true,"showFlares":true,"showImageEffects":true,"showParticleSystems":true},"in2DMode":false,"pivot":{"x":-0.08609317988157273,"y":-0.0907500609755516,"z":-0.014318183064460755},"rotation":{"x":0.10692286491394043,"y":0.8911044001579285,"z":-0.3416100740432739,"w":0.27893203496932986},"size":0.1993291676044464,"orthographic":false}