{"cameraMode":{"drawMode":0,"name":"Shaded","section":"Shading Mode"},"sceneLighting":false,"audioPlay":false,"sceneViewState":{"showFog":true,"showMaterialUpdate":true,"showSkybox":true,"showFlares":true,"showImageEffects":true,"showParticleSystems":true},"in2DMode":false,"pivot":{"x":2.384185791015625e-7,"y":0.01703333854675293,"z":0.0},"rotation":{"x":0.00535555137321353,"y":-0.9897924661636353,"z":0.038642678409814838,"w":0.1370728760957718},"size":3.3583061695098879,"orthographic":false}