{"cameraMode":{"drawMode":0,"name":"Shaded","section":"Shading Mode"},"sceneLighting":false,"audioPlay":false,"sceneViewState":{"showFog":true,"showMaterialUpdate":true,"showSkybox":true,"showFlares":true,"showImageEffects":true,"showParticleSystems":true},"in2DMode":false,"pivot":{"x":-0.007928729057312012,"y":1.0146024227142335,"z":-0.003298342227935791},"rotation":{"x":0.43115541338920596,"y":0.11951420456171036,"z":-0.05774234980344772,"w":0.892461359500885},"size":22.0,"orthographic":false}