{"cameraMode":{"drawMode":0,"name":"Shaded","section":"Shading Mode"},"sceneLighting":false,"audioPlay":false,"sceneViewState":{"showFog":true,"showMaterialUpdate":false,"showSkybox":true,"showFlares":true,"showImageEffects":true,"showParticleSystems":true},"in2DMode":false,"pivot":{"x":6.92535400390625,"y":-3.1529953479766847,"z":11.322561264038086},"rotation":{"x":-0.0005664144991897047,"y":0.9908508658409119,"z":-0.1348962038755417,"w":-0.004161316901445389},"size":8.294502258300782,"orthographic":false}