{"cameraMode":{"drawMode":0,"name":"Shaded","section":"Shading Mode"},"sceneLighting":true,"audioPlay":false,"sceneViewState":{"showFog":true,"showMaterialUpdate":true,"showSkybox":true,"showFlares":true,"showImageEffects":true,"showParticleSystems":true},"in2DMode":false,"pivot":{"x":745.2777709960938,"y":196.3050079345703,"z":0.7501630783081055},"rotation":{"x":0.10692286491394043,"y":0.8911044001579285,"z":-0.3416100740432739,"w":0.27893203496932986},"size":2608.225830078125,"orthographic":false}