{"cameraMode":{"drawMode":0,"name":"Shaded","section":"Shading Mode"},"sceneLighting":false,"audioPlay":false,"sceneViewState":{"showFog":true,"showMaterialUpdate":false,"showSkybox":true,"showFlares":true,"showImageEffects":true,"showParticleSystems":true},"in2DMode":false,"pivot":{"x":9.140036582946778,"y":-2.9637632369995119,"z":12.752535820007325},"rotation":{"x":-0.0004387202498037368,"y":0.9995557069778442,"z":-0.022803600877523423,"w":-0.019191192463040353},"size":2.324197292327881,"orthographic":false}