{"cameraMode":{"drawMode":0,"name":"Shaded","section":"Shading Mode"},"sceneLighting":false,"audioPlay":false,"sceneViewState":{"showFog":true,"showMaterialUpdate":false,"showSkybox":true,"showFlares":true,"showImageEffects":true,"showParticleSystems":true},"in2DMode":false,"pivot":{"x":0.2304479479789734,"y":0.7374484539031982,"z":0.24165737628936768},"rotation":{"x":-0.05747826024889946,"y":0.7491405010223389,"z":-0.0655733048915863,"w":-0.6566466689109802},"size":5.926133155822754,"orthographic":false}