{"cameraMode":{"drawMode":0,"name":"Shaded","section":"Shading Mode"},"sceneLighting":false,"audioPlay":false,"sceneViewState":{"showFog":true,"showMaterialUpdate":false,"showSkybox":true,"showFlares":true,"showImageEffects":true,"showParticleSystems":true},"in2DMode":false,"pivot":{"x":8.310422897338868,"y":-1.4848490953445435,"z":11.137664794921875},"rotation":{"x":-0.0009457545820623636,"y":0.9990547299385071,"z":0.031170792877674104,"w":0.030283156782388688},"size":2.9673001766204836,"orthographic":false}