{"cameraMode":{"drawMode":0,"name":"Shaded","section":"Shading Mode"},"sceneLighting":false,"audioPlay":false,"sceneViewState":{"showFog":true,"showMaterialUpdate":false,"showSkybox":true,"showFlares":true,"showImageEffects":true,"showParticleSystems":true},"in2DMode":false,"pivot":{"x":6.791046619415283,"y":-2.7049970626831056,"z":8.419435501098633},"rotation":{"x":0.0005810639704577625,"y":0.997130274772644,"z":-0.007790241856127977,"w":0.07530102878808975},"size":5.2715654373168949,"orthographic":false}