{"cameraMode":{"drawMode":0,"name":"Shaded","section":"Shading Mode"},"sceneLighting":true,"audioPlay":false,"sceneViewState":{"showFog":true,"showMaterialUpdate":true,"showSkybox":true,"showFlares":true,"showImageEffects":true,"showParticleSystems":true},"in2DMode":false,"pivot":{"x":-4.960237503051758,"y":-4.656517505645752,"z":-7.618024826049805},"rotation":{"x":-0.21147549152374268,"y":0.04492684453725815,"z":-0.009725822135806084,"w":-0.9763017892837524},"size":16.041048049926759,"orthographic":false}