{"cameraMode":{"drawMode":0,"name":"Shaded","section":"Shading Mode"},"sceneLighting":false,"audioPlay":false,"sceneViewState":{"showFog":true,"showMaterialUpdate":false,"showSkybox":true,"showFlares":true,"showImageEffects":true,"showParticleSystems":true},"in2DMode":false,"pivot":{"x":6.1480326652526859,"y":-2.8713889122009279,"z":10.952512741088868},"rotation":{"x":-0.0013536920305341483,"y":0.9894448518753052,"z":-0.009212857112288475,"w":-0.14461016654968263},"size":5.99530553817749,"orthographic":false}